empnumber,first,last,display,email,samaccountname,street,city,state,zip,country,phone,Company
905074,Marcus,Villegas,Marcus Villegas,Marcus.Villegas@fabrikam.com,905074,222 Bay Street,Lorain,OH,44052,US,5557755953,Fabrikam
357203,Linda,Kennedy,Linda Kennedy,Linda.Kennedy@fabrikam.com,357203,104 Canterbury Court,Pickerington,OH,43147,US,5558648517,Fabrikam
598647,Nora,Robinson,Nora Robinson,Nora.Robinson@fabrikam.com,598647,104 Canterbury Court,Pickerington,OH,43147,US,5551160665,Fabrikam
555822,Marley,Singh,Marley Singh,Marley.Singh@fabrikam.com,555822,322 Grant Avenue,Martinsville,VA,24112,US,5553091631,Fabrikam
492068,Gauge,Porter,Gauge Porter,Gauge.Porter@fabrikam.com,492068,104 Canterbury Court,Pickerington,OH,43147,US,5558454869,Fabrikam
923442,Rocco,Fowler,Rocco Fowler,Rocco.Fowler@fabrikam.com,923442,112 Front Street,San Lorenzo,CA,94580,US,5559051100,Fabrikam
566939,Dexter,Frey,Dexter Frey,Dexter.Frey@fabrikam.com,566939,506 College Street,Flushing,NY,11354,US,5557633069,Fabrikam
904990,Elianna,Medina,Elianna Medina,Elianna.Medina@fabrikam.com,904990,683 River Street,Opa Locka,FL,33054,US,5555954846,Fabrikam
633710,Chelsea,Zimmerman,Chelsea Zimmerman,Chelsea.Zimmerman@fabrikam.com,633710,506 College Street,Flushing,NY,11354,US,5554580444,Fabrikam
729448,Lana,Hunt,Lana Hunt,Lana.Hunt@fabrikam.com,729448,461 Orchard Street,Windsor Mill,MD,21244,US,5556774469,Fabrikam
346945,Kenzie,Norton,Kenzie Norton,Kenzie.Norton@fabrikam.com,346945,683 River Street,Opa Locka,FL,33054,US,5559546481,Fabrikam
827309,Lucian,Bonilla,Lucian Bonilla,Lucian.Bonilla@fabrikam.com,827309,222 Bay Street,Lorain,OH,44052,US,5555532587,Fabrikam
160492,Edgar,Marks,Edgar Marks,Edgar.Marks@fabrikam.com,160492,222 Bay Street,Lorain,OH,44052,US,5553930053,Fabrikam
408232,Annabella,Gonzalez,Annabella Gonzalez,Annabella.Gonzalez@fabrikam.com,408232,381 Lake Avenue,Ankeny,IA,50023,US,5552465711,Fabrikam
985384,Jay,Calhoun,Jay Calhoun,Jay.Calhoun@fabrikam.com,985384,994 Fairview Avenue,Lexington,NC,27292,US,5553488426,Fabrikam
238813,Sebastian,Benson,Sebastian Benson,Sebastian.Benson@fabrikam.com,238813,461 Orchard Street,Windsor Mill,MD,21244,US,5554619689,Fabrikam
107982,Rosemary,Mcintosh,Rosemary Mcintosh,Rosemary.Mcintosh@fabrikam.com,107982,34 Woodland Avenue,Henrico,VA,23228,US,5556441792,Fabrikam
988286,Rayan,Oneill,Rayan Oneill,Rayan.Oneill@fabrikam.com,988286,722 Academy Street,Wilkes Barre,PA,18702,US,5551438172,Fabrikam
577965,Lorenzo,Galloway,Lorenzo Galloway,Lorenzo.Galloway@fabrikam.com,577965,222 Bay Street,Lorain,OH,44052,US,5553723044,Fabrikam
456686,Dallas,Stein,Dallas Stein,Dallas.Stein@fabrikam.com,456686,722 Academy Street,Wilkes Barre,PA,18702,US,5557679243,Fabrikam
832213,Jeramiah,Mosley,Jeramiah Mosley,Jeramiah.Mosley@fabrikam.com,832213,859 Riverside Drive,Deland,FL,32720,US,5553842761,Fabrikam
774132,Kayleigh,Cooper,Kayleigh Cooper,Kayleigh.Cooper@fabrikam.com,774132,506 College Street,Flushing,NY,11354,US,5559561043,Fabrikam
643662,Giada,Lopez,Giada Lopez,Giada.Lopez@fabrikam.com,643662,994 Fairview Avenue,Lexington,NC,27292,US,5558857205,Fabrikam
578718,Kendra,Mccoy,Kendra Mccoy,Kendra.Mccoy@fabrikam.com,578718,553 B Street,Freehold,NJ,7728,US,5551438964,Fabrikam
240476,Cameron,Franco,Cameron Franco,Cameron.Franco@fabrikam.com,240476,501 Church Street North,Danville,VA,24540,US,5556799986,Fabrikam
132984,Mareli,Callahan,Mareli Callahan,Mareli.Callahan@fabrikam.com,132984,358 5th Street North,West Chester,PA,19380,US,5556410862,Fabrikam
757822,Emerson,Orozco,Emerson Orozco,Emerson.Orozco@fabrikam.com,757822,501 Church Street North,Danville,VA,24540,US,5559779694,Fabrikam
234456,Macie,Nelson,Macie Nelson,Macie.Nelson@fabrikam.com,234456,994 Fairview Avenue,Lexington,NC,27292,US,5559269407,Fabrikam
641836,Kennedi,Avery,Kennedi Avery,Kennedi.Avery@fabrikam.com,641836,34 Woodland Avenue,Henrico,VA,23228,US,5553932945,Fabrikam
275001,Elvis,Bernard,Elvis Bernard,Elvis.Bernard@fabrikam.com,275001,358 5th Street North,West Chester,PA,19380,US,5557302092,Fabrikam
911744,Zoie,Richards,Zoie Richards,Zoie.Richards@fabrikam.com,911744,683 River Street,Opa Locka,FL,33054,US,5557300914,Fabrikam
458465,Bo,Richard,Bo Richard,Bo.Richard@fabrikam.com,458465,994 Fairview Avenue,Lexington,NC,27292,US,5558919477,Fabrikam
190408,Alison,Kirby,Alison Kirby,Alison.Kirby@fabrikam.com,190408,683 River Street,Opa Locka,FL,33054,US,5554385901,Fabrikam
739201,Nikhil,Stanley,Nikhil Stanley,Nikhil.Stanley@fabrikam.com,739201,506 College Street,Flushing,NY,11354,US,5553920073,Fabrikam
783805,Yazmin,Christian,Yazmin Christian,Yazmin.Christian@fabrikam.com,783805,322 Grant Avenue,Martinsville,VA,24112,US,5551812549,Fabrikam
291552,Rachael,Armstrong,Rachael Armstrong,Rachael.Armstrong@fabrikam.com,291552,381 Lake Avenue,Ankeny,IA,50023,US,5559038607,Fabrikam
420069,Deandre,Cantrell,Deandre Cantrell,Deandre.Cantrell@fabrikam.com,420069,104 Canterbury Court,Pickerington,OH,43147,US,5553219385,Fabrikam
471774,Clarence,Ibarra,Clarence Ibarra,Clarence.Ibarra@fabrikam.com,471774,501 Church Street North,Danville,VA,24540,US,5559364175,Fabrikam
647597,Amare,Johnson,Amare Johnson,Amare.Johnson@fabrikam.com,647597,64 Circle Drive,New Britain,CT,6051,US,5552758889,Fabrikam
636183,Randy,Dawson,Randy Dawson,Randy.Dawson@fabrikam.com,636183,104 Canterbury Court,Pickerington,OH,43147,US,5555307198,Fabrikam
519698,Natalie,Marsh,Natalie Marsh,Natalie.Marsh@fabrikam.com,519698,358 5th Street North,West Chester,PA,19380,US,5554261211,Fabrikam
651786,Alan,Murillo,Alan Murillo,Alan.Murillo@fabrikam.com,651786,34 Woodland Avenue,Henrico,VA,23228,US,5557365457,Fabrikam
499511,Mariyah,Mcfarland,Mariyah Mcfarland,Mariyah.Mcfarland@fabrikam.com,499511,64 Circle Drive,New Britain,CT,6051,US,5551523256,Fabrikam
435006,Justine,Campos,Justine Campos,Justine.Campos@fabrikam.com,435006,34 Woodland Avenue,Henrico,VA,23228,US,5554033843,Fabrikam
203190,Francis,Norman,Francis Norman,Francis.Norman@fabrikam.com,203190,683 River Street,Opa Locka,FL,33054,US,5553690726,Fabrikam
912615,Terrell,Buck,Terrell Buck,Terrell.Buck@fabrikam.com,912615,506 College Street,Flushing,NY,11354,US,5559564147,Fabrikam
393116,Yareli,Salinas,Yareli Salinas,Yareli.Salinas@fabrikam.com,393116,64 Circle Drive,New Britain,CT,6051,US,5553950598,Fabrikam
659668,Zariah,Herman,Zariah Herman,Zariah.Herman@fabrikam.com,659668,722 Academy Street,Wilkes Barre,PA,18702,US,5553013766,Fabrikam
252533,Marely,May,Marely May,Marely.May@fabrikam.com,252533,64 Circle Drive,New Britain,CT,6051,US,5553610198,Fabrikam
857667,Arianna,Zamora,Arianna Zamora,Arianna.Zamora@fabrikam.com,857667,112 Front Street,San Lorenzo,CA,94580,US,5552290272,Fabrikam
689683,Kiara,Forbes,Kiara Forbes,Kiara.Forbes@fabrikam.com,689683,722 Academy Street,Wilkes Barre,PA,18702,US,5553160636,Fabrikam
509529,Izabelle,Reyes,Izabelle Reyes,Izabelle.Reyes@fabrikam.com,509529,683 River Street,Opa Locka,FL,33054,US,5553116816,Fabrikam
895060,Courtney,Mills,Courtney Mills,Courtney.Mills@fabrikam.com,895060,211 Sycamore Lane,Hanover Park,IL,60133,US,5553953456,Fabrikam
878425,Layla,Keith,Layla Keith,Layla.Keith@fabrikam.com,878425,211 Sycamore Lane,Hanover Park,IL,60133,US,5559630869,Fabrikam
902469,Deon,Jackson,Deon Jackson,Deon.Jackson@fabrikam.com,902469,859 Riverside Drive,Deland,FL,32720,US,5552072625,Fabrikam
397994,Alexia,Blackburn,Alexia Blackburn,Alexia.Blackburn@fabrikam.com,397994,501 Church Street North,Danville,VA,24540,US,5553311078,Fabrikam
117336,Ricardo,Wilcox,Ricardo Wilcox,Ricardo.Wilcox@fabrikam.com,117336,316 Clinton Street,Gallatin,TN,37066,US,5557546294,Fabrikam
269002,Jacquelyn,Hurst,Jacquelyn Hurst,Jacquelyn.Hurst@fabrikam.com,269002,322 Grant Avenue,Martinsville,VA,24112,US,5552146817,Fabrikam
262234,Kian,Ferguson,Kian Ferguson,Kian.Ferguson@fabrikam.com,262234,683 River Street,Opa Locka,FL,33054,US,5556006785,Fabrikam
942569,Amara,Rosales,Amara Rosales,Amara.Rosales@fabrikam.com,942569,506 College Street,Flushing,NY,11354,US,5559812917,Fabrikam
520182,Jamir,Beltran,Jamir Beltran,Jamir.Beltran@fabrikam.com,520182,859 Riverside Drive,Deland,FL,32720,US,5554623883,Fabrikam
131192,Ricky,Kaufman,Ricky Kaufman,Ricky.Kaufman@fabrikam.com,131192,506 College Street,Flushing,NY,11354,US,5552573638,Fabrikam
843306,Clara,Vincent,Clara Vincent,Clara.Vincent@fabrikam.com,843306,722 Academy Street,Wilkes Barre,PA,18702,US,5555861444,Fabrikam
422249,Caden,Spence,Caden Spence,Caden.Spence@fabrikam.com,422249,64 Circle Drive,New Britain,CT,6051,US,5558750509,Fabrikam
990838,Miriam,Velez,Miriam Velez,Miriam.Velez@fabrikam.com,990838,553 B Street,Freehold,NJ,7728,US,5557451087,Fabrikam
784982,Jamarion,Weber,Jamarion Weber,Jamarion.Weber@fabrikam.com,784982,506 College Street,Flushing,NY,11354,US,5555761670,Fabrikam
559026,Trace,Parrish,Trace Parrish,Trace.Parrish@fabrikam.com,559026,733 Church Street South,Revere,MA,2151,US,5556267868,Fabrikam
915028,Arnav,Odom,Arnav Odom,Arnav.Odom@fabrikam.com,915028,859 Riverside Drive,Deland,FL,32720,US,5559506173,Fabrikam
334810,Axel,Moses,Axel Moses,Axel.Moses@fabrikam.com,334810,104 Canterbury Court,Pickerington,OH,43147,US,5554803174,Fabrikam
352905,Teresa,Newman,Teresa Newman,Teresa.Newman@fabrikam.com,352905,722 Academy Street,Wilkes Barre,PA,18702,US,5558496502,Fabrikam
121352,Alonso,Rose,Alonso Rose,Alonso.Rose@fabrikam.com,121352,994 Fairview Avenue,Lexington,NC,27292,US,5553484434,Fabrikam
973000,Cody,Mercer,Cody Mercer,Cody.Mercer@fabrikam.com,973000,859 Riverside Drive,Deland,FL,32720,US,5559246078,Fabrikam
644245,Holden,Yoder,Holden Yoder,Holden.Yoder@fabrikam.com,644245,316 Clinton Street,Gallatin,TN,37066,US,5559832895,Fabrikam
974898,Yael,Powell,Yael Powell,Yael.Powell@fabrikam.com,974898,211 Sycamore Lane,Hanover Park,IL,60133,US,5558916042,Fabrikam
653428,Liberty,Knox,Liberty Knox,Liberty.Knox@fabrikam.com,653428,722 Academy Street,Wilkes Barre,PA,18702,US,5559441979,Fabrikam
357824,Kadence,Nichols,Kadence Nichols,Kadence.Nichols@fabrikam.com,357824,358 5th Street North,West Chester,PA,19380,US,5559732368,Fabrikam
603454,Taryn,Graham,Taryn Graham,Taryn.Graham@fabrikam.com,603454,722 Academy Street,Wilkes Barre,PA,18702,US,5552300480,Fabrikam
329183,Taniyah,Cuevas,Taniyah Cuevas,Taniyah.Cuevas@fabrikam.com,329183,381 Lake Avenue,Ankeny,IA,50023,US,5554443147,Fabrikam
408051,Savannah,Cantu,Savannah Cantu,Savannah.Cantu@fabrikam.com,408051,222 Bay Street,Lorain,OH,44052,US,5556370402,Fabrikam
716881,Anya,Weiss,Anya Weiss,Anya.Weiss@fabrikam.com,716881,733 Church Street South,Revere,MA,2151,US,5559485555,Fabrikam
286918,Jaida,Daniel,Jaida Daniel,Jaida.Daniel@fabrikam.com,286918,322 Grant Avenue,Martinsville,VA,24112,US,5554477408,Fabrikam
299306,Malaki,Malone,Malaki Malone,Malaki.Malone@fabrikam.com,299306,222 Bay Street,Lorain,OH,44052,US,5552318780,Fabrikam
814262,Tabitha,Dyer,Tabitha Dyer,Tabitha.Dyer@fabrikam.com,814262,553 B Street,Freehold,NJ,7728,US,5553246925,Fabrikam
945003,Makaila,Henson,Makaila Henson,Makaila.Henson@fabrikam.com,945003,322 Grant Avenue,Martinsville,VA,24112,US,5556479416,Fabrikam
758811,Hailey,Robles,Hailey Robles,Hailey.Robles@fabrikam.com,758811,316 Clinton Street,Gallatin,TN,37066,US,5553520690,Fabrikam
590625,Prince,Mendoza,Prince Mendoza,Prince.Mendoza@fabrikam.com,590625,733 Church Street South,Revere,MA,2151,US,5554038003,Fabrikam
181494,Jarrett,Farrell,Jarrett Farrell,Jarrett.Farrell@fabrikam.com,181494,461 Orchard Street,Windsor Mill,MD,21244,US,5557122787,Fabrikam
549887,River,Rice,River Rice,River.Rice@fabrikam.com,549887,64 Circle Drive,New Britain,CT,6051,US,5553762393,Fabrikam
923770,Ally,Mcdowell,Ally Mcdowell,Ally.Mcdowell@fabrikam.com,923770,653 Henry Street,Highland Park,IL,60035,US,5551335488,Fabrikam
919843,Lesly,Holden,Lesly Holden,Lesly.Holden@fabrikam.com,919843,553 B Street,Freehold,NJ,7728,US,5558888355,Fabrikam
941629,Jett,Boone,Jett Boone,Jett.Boone@fabrikam.com,941629,64 Circle Drive,New Britain,CT,6051,US,5558663307,Fabrikam
545208,Brynn,Warner,Brynn Warner,Brynn.Warner@fabrikam.com,545208,64 Circle Drive,New Britain,CT,6051,US,5555362274,Fabrikam
954167,Ignacio,Camacho,Ignacio Camacho,Ignacio.Camacho@fabrikam.com,954167,34 Woodland Avenue,Henrico,VA,23228,US,5558933037,Fabrikam
858037,George,Simon,George Simon,George.Simon@fabrikam.com,858037,358 5th Street North,West Chester,PA,19380,US,5552340809,Fabrikam
448239,Danika,Miles,Danika Miles,Danika.Miles@fabrikam.com,448239,501 Church Street North,Danville,VA,24540,US,5557478244,Fabrikam
709924,Vivian,Boyer,Vivian Boyer,Vivian.Boyer@fabrikam.com,709924,34 Woodland Avenue,Henrico,VA,23228,US,5552851231,Fabrikam
726980,Kaylin,Warren,Kaylin Warren,Kaylin.Warren@fabrikam.com,726980,112 Front Street,San Lorenzo,CA,94580,US,5555560671,Fabrikam
251430,Parker,Howe,Parker Howe,Parker.Howe@fabrikam.com,251430,112 Front Street,San Lorenzo,CA,94580,US,5556925449,Fabrikam
350992,Catherine,Woodard,Catherine Woodard,Catherine.Woodard@fabrikam.com,350992,994 Fairview Avenue,Lexington,NC,27292,US,5556430594,Fabrikam
656172,Gilbert,Wade,Gilbert Wade,Gilbert.Wade@fabrikam.com,656172,653 Henry Street,Highland Park,IL,60035,US,5555654035,Fabrikam
283642,Shannon,Becker,Shannon Becker,Shannon.Becker@fabrikam.com,283642,112 Front Street,San Lorenzo,CA,94580,US,5552513530,Fabrikam
730825,Ada,Cisneros,Ada Cisneros,Ada.Cisneros@fabrikam.com,730825,653 Henry Street,Highland Park,IL,60035,US,5555454802,Fabrikam
780945,Dakota,Gilbert,Dakota Gilbert,Dakota.Gilbert@fabrikam.com,780945,506 College Street,Flushing,NY,11354,US,5552055118,Fabrikam
689236,Riya,Taylor,Riya Taylor,Riya.Taylor@fabrikam.com,689236,222 Bay Street,Lorain,OH,44052,US,5556441787,Fabrikam
757633,Karissa,Carr,Karissa Carr,Karissa.Carr@fabrikam.com,757633,381 Lake Avenue,Ankeny,IA,50023,US,5556662310,Fabrikam
237867,Shyann,Giles,Shyann Giles,Shyann.Giles@fabrikam.com,237867,461 Orchard Street,Windsor Mill,MD,21244,US,5554373027,Fabrikam
101477,Alexa,Mccullough,Alexa Mccullough,Alexa.Mccullough@fabrikam.com,101477,506 College Street,Flushing,NY,11354,US,5557716979,Fabrikam
941188,Irvin,Leblanc,Irvin Leblanc,Irvin.Leblanc@fabrikam.com,941188,34 Woodland Avenue,Henrico,VA,23228,US,5552033089,Fabrikam
750472,Denise,Cardenas,Denise Cardenas,Denise.Cardenas@fabrikam.com,750472,461 Orchard Street,Windsor Mill,MD,21244,US,5558616192,Fabrikam
914525,Kyleigh,Gibson,Kyleigh Gibson,Kyleigh.Gibson@fabrikam.com,914525,653 Henry Street,Highland Park,IL,60035,US,5556924487,Fabrikam
905485,Scott,Burgess,Scott Burgess,Scott.Burgess@fabrikam.com,905485,683 River Street,Opa Locka,FL,33054,US,5557932050,Fabrikam
975781,Cloe,Pratt,Cloe Pratt,Cloe.Pratt@fabrikam.com,975781,211 Sycamore Lane,Hanover Park,IL,60133,US,5555794893,Fabrikam
536069,Jean,Keller,Jean Keller,Jean.Keller@fabrikam.com,536069,358 5th Street North,West Chester,PA,19380,US,5556877612,Fabrikam
891476,Kyla,Lin,Kyla Lin,Kyla.Lin@fabrikam.com,891476,381 Lake Avenue,Ankeny,IA,50023,US,5558495356,Fabrikam
148785,Carleigh,Harper,Carleigh Harper,Carleigh.Harper@fabrikam.com,148785,322 Grant Avenue,Martinsville,VA,24112,US,5559952086,Fabrikam
727585,Dereon,Santiago,Dereon Santiago,Dereon.Santiago@fabrikam.com,727585,859 Riverside Drive,Deland,FL,32720,US,5559036613,Fabrikam
250789,Ben,Duncan,Ben Duncan,Ben.Duncan@fabrikam.com,250789,104 Canterbury Court,Pickerington,OH,43147,US,5552244359,Fabrikam
101074,Maximilian,Choi,Maximilian Choi,Maximilian.Choi@fabrikam.com,101074,506 College Street,Flushing,NY,11354,US,5554382012,Fabrikam
682007,Kristen,Kemp,Kristen Kemp,Kristen.Kemp@fabrikam.com,682007,859 Riverside Drive,Deland,FL,32720,US,5551742626,Fabrikam
482830,Miah,Rich,Miah Rich,Miah.Rich@fabrikam.com,482830,653 Henry Street,Highland Park,IL,60035,US,5559024363,Fabrikam
270850,Kymani,Mcmahon,Kymani Mcmahon,Kymani.Mcmahon@fabrikam.com,270850,653 Henry Street,Highland Park,IL,60035,US,5557610843,Fabrikam
220572,Lee,Cannon,Lee Cannon,Lee.Cannon@fabrikam.com,220572,104 Canterbury Court,Pickerington,OH,43147,US,5553960228,Fabrikam
521462,Juliet,Haas,Juliet Haas,Juliet.Haas@fabrikam.com,521462,104 Canterbury Court,Pickerington,OH,43147,US,5556090075,Fabrikam
829115,Guillermo,Melton,Guillermo Melton,Guillermo.Melton@fabrikam.com,829115,381 Lake Avenue,Ankeny,IA,50023,US,5551430644,Fabrikam
616674,Aniyah,Davies,Aniyah Davies,Aniyah.Davies@fabrikam.com,616674,461 Orchard Street,Windsor Mill,MD,21244,US,5555429467,Fabrikam
442362,Arely,Macias,Arely Macias,Arely.Macias@fabrikam.com,442362,683 River Street,Opa Locka,FL,33054,US,5553783409,Fabrikam
377525,Byron,Gardner,Byron Gardner,Byron.Gardner@fabrikam.com,377525,64 Circle Drive,New Britain,CT,6051,US,5552896373,Fabrikam
135975,Alina,Coffey,Alina Coffey,Alina.Coffey@fabrikam.com,135975,104 Canterbury Court,Pickerington,OH,43147,US,5551636153,Fabrikam
504757,Tristan,Bond,Tristan Bond,Tristan.Bond@fabrikam.com,504757,722 Academy Street,Wilkes Barre,PA,18702,US,5557239616,Fabrikam
308514,Maribel,Ho,Maribel Ho,Maribel.Ho@fabrikam.com,308514,683 River Street,Opa Locka,FL,33054,US,5554309160,Fabrikam
206006,Phoebe,Braun,Phoebe Braun,Phoebe.Braun@fabrikam.com,206006,506 College Street,Flushing,NY,11354,US,5551454851,Fabrikam
834149,Trent,Bridges,Trent Bridges,Trent.Bridges@fabrikam.com,834149,211 Sycamore Lane,Hanover Park,IL,60133,US,5559735485,Fabrikam
716773,Evelin,Travis,Evelin Travis,Evelin.Travis@fabrikam.com,716773,381 Lake Avenue,Ankeny,IA,50023,US,5559219869,Fabrikam
146074,Keegan,Orr,Keegan Orr,Keegan.Orr@fabrikam.com,146074,553 B Street,Freehold,NJ,7728,US,5553778135,Fabrikam
189254,Sanaa,Mora,Sanaa Mora,Sanaa.Mora@fabrikam.com,189254,34 Woodland Avenue,Henrico,VA,23228,US,5554277321,Fabrikam
544724,Cherish,Charles,Cherish Charles,Cherish.Charles@fabrikam.com,544724,322 Grant Avenue,Martinsville,VA,24112,US,5553951964,Fabrikam
392874,Davian,Watson,Davian Watson,Davian.Watson@fabrikam.com,392874,733 Church Street South,Revere,MA,2151,US,5559593509,Fabrikam
413830,Mia,Bruce,Mia Bruce,Mia.Bruce@fabrikam.com,413830,34 Woodland Avenue,Henrico,VA,23228,US,5556244180,Fabrikam
703258,Izaiah,Arroyo,Izaiah Arroyo,Izaiah.Arroyo@fabrikam.com,703258,653 Henry Street,Highland Park,IL,60035,US,5556620333,Fabrikam
314812,Alex,Copeland,Alex Copeland,Alex.Copeland@fabrikam.com,314812,112 Front Street,San Lorenzo,CA,94580,US,5552566620,Fabrikam
111862,Kathryn,Stuart,Kathryn Stuart,Kathryn.Stuart@fabrikam.com,111862,358 5th Street North,West Chester,PA,19380,US,5555614349,Fabrikam
746731,Madelynn,Andrade,Madelynn Andrade,Madelynn.Andrade@fabrikam.com,746731,381 Lake Avenue,Ankeny,IA,50023,US,5552931823,Fabrikam
118445,Angie,Rogers,Angie Rogers,Angie.Rogers@fabrikam.com,118445,358 5th Street North,West Chester,PA,19380,US,5558713720,Fabrikam
469037,Haleigh,Wallace,Haleigh Wallace,Haleigh.Wallace@fabrikam.com,469037,501 Church Street North,Danville,VA,24540,US,5552911938,Fabrikam
650934,Emery,Banks,Emery Banks,Emery.Banks@fabrikam.com,650934,358 5th Street North,West Chester,PA,19380,US,5551295551,Fabrikam
926767,Karma,Mccormick,Karma Mccormick,Karma.Mccormick@fabrikam.com,926767,722 Academy Street,Wilkes Barre,PA,18702,US,5557705600,Fabrikam
984707,Kyler,Santana,Kyler Santana,Kyler.Santana@fabrikam.com,984707,859 Riverside Drive,Deland,FL,32720,US,5554310674,Fabrikam
829696,Landon,Sawyer,Landon Sawyer,Landon.Sawyer@fabrikam.com,829696,381 Lake Avenue,Ankeny,IA,50023,US,5559628279,Fabrikam
119722,Cecelia,Espinoza,Cecelia Espinoza,Cecelia.Espinoza@fabrikam.com,119722,994 Fairview Avenue,Lexington,NC,27292,US,5558992505,Fabrikam
782330,Vincent,Sheppard,Vincent Sheppard,Vincent.Sheppard@fabrikam.com,782330,358 5th Street North,West Chester,PA,19380,US,5559644233,Fabrikam
573309,Heather,Vargas,Heather Vargas,Heather.Vargas@fabrikam.com,573309,506 College Street,Flushing,NY,11354,US,5553192326,Fabrikam
118133,Yair,Crane,Yair Crane,Yair.Crane@fabrikam.com,118133,553 B Street,Freehold,NJ,7728,US,5551142114,Fabrikam
767893,Larissa,Cortez,Larissa Cortez,Larissa.Cortez@fabrikam.com,767893,506 College Street,Flushing,NY,11354,US,5559741862,Fabrikam
699699,Nick,Key,Nick Key,Nick.Key@fabrikam.com,699699,653 Henry Street,Highland Park,IL,60035,US,5559856412,Fabrikam
893398,Jasiah,Mercado,Jasiah Mercado,Jasiah.Mercado@fabrikam.com,893398,34 Woodland Avenue,Henrico,VA,23228,US,5553370522,Fabrikam
680505,Magdalena,Holloway,Magdalena Holloway,Magdalena.Holloway@fabrikam.com,680505,112 Front Street,San Lorenzo,CA,94580,US,5557448558,Fabrikam
337599,Carmelo,Carrillo,Carmelo Carrillo,Carmelo.Carrillo@fabrikam.com,337599,112 Front Street,San Lorenzo,CA,94580,US,5554882122,Fabrikam
528989,Beckham,Irwin,Beckham Irwin,Beckham.Irwin@fabrikam.com,528989,211 Sycamore Lane,Hanover Park,IL,60133,US,5558884082,Fabrikam
406996,Charlee,Wiley,Charlee Wiley,Charlee.Wiley@fabrikam.com,406996,358 5th Street North,West Chester,PA,19380,US,5558163535,Fabrikam
635584,Ulises,Gilmore,Ulises Gilmore,Ulises.Gilmore@fabrikam.com,635584,733 Church Street South,Revere,MA,2151,US,5556891546,Fabrikam
830335,Martin,Roach,Martin Roach,Martin.Roach@fabrikam.com,830335,553 B Street,Freehold,NJ,7728,US,5554212933,Fabrikam
803914,Zachary,Alvarez,Zachary Alvarez,Zachary.Alvarez@fabrikam.com,803914,683 River Street,Opa Locka,FL,33054,US,5552853487,Fabrikam
164450,Donna,Holland,Donna Holland,Donna.Holland@fabrikam.com,164450,222 Bay Street,Lorain,OH,44052,US,5558124243,Fabrikam
587865,Johnny,Davidson,Johnny Davidson,Johnny.Davidson@fabrikam.com,587865,501 Church Street North,Danville,VA,24540,US,5557496674,Fabrikam
786629,Logan,Hayes,Logan Hayes,Logan.Hayes@fabrikam.com,786629,994 Fairview Avenue,Lexington,NC,27292,US,5559383975,Fabrikam
807802,Keith,Coleman,Keith Coleman,Keith.Coleman@fabrikam.com,807802,733 Church Street South,Revere,MA,2151,US,5551190093,Fabrikam
657869,Kody,Reid,Kody Reid,Kody.Reid@fabrikam.com,657869,64 Circle Drive,New Britain,CT,6051,US,5559743060,Fabrikam
957675,Abigail,Hatfield,Abigail Hatfield,Abigail.Hatfield@fabrikam.com,957675,211 Sycamore Lane,Hanover Park,IL,60133,US,5557544219,Fabrikam
987701,Isla,Fleming,Isla Fleming,Isla.Fleming@fabrikam.com,987701,64 Circle Drive,New Britain,CT,6051,US,5554175177,Fabrikam
169485,Gabriela,Padilla,Gabriela Padilla,Gabriela.Padilla@fabrikam.com,169485,461 Orchard Street,Windsor Mill,MD,21244,US,5555091522,Fabrikam
460949,Kasey,Pace,Kasey Pace,Kasey.Pace@fabrikam.com,460949,653 Henry Street,Highland Park,IL,60035,US,5551106893,Fabrikam
818704,Xiomara,Hooper,Xiomara Hooper,Xiomara.Hooper@fabrikam.com,818704,683 River Street,Opa Locka,FL,33054,US,5559471110,Fabrikam
266478,Alisson,Barber,Alisson Barber,Alisson.Barber@fabrikam.com,266478,733 Church Street South,Revere,MA,2151,US,5552205485,Fabrikam
961191,Ashlyn,Morales,Ashlyn Morales,Ashlyn.Morales@fabrikam.com,961191,506 College Street,Flushing,NY,11354,US,5555546358,Fabrikam
155325,America,Guerrero,America Guerrero,America.Guerrero@fabrikam.com,155325,733 Church Street South,Revere,MA,2151,US,5552659940,Fabrikam
553038,Litzy,Martinez,Litzy Martinez,Litzy.Martinez@fabrikam.com,553038,322 Grant Avenue,Martinsville,VA,24112,US,5556099057,Fabrikam
846311,Libby,Golden,Libby Golden,Libby.Golden@fabrikam.com,846311,501 Church Street North,Danville,VA,24540,US,5554797914,Fabrikam
387421,Derrick,Arnold,Derrick Arnold,Derrick.Arnold@fabrikam.com,387421,104 Canterbury Court,Pickerington,OH,43147,US,5558403372,Fabrikam
710027,Daniela,Gillespie,Daniela Gillespie,Daniela.Gillespie@fabrikam.com,710027,104 Canterbury Court,Pickerington,OH,43147,US,5552222026,Fabrikam
546111,Elian,Hobbs,Elian Hobbs,Elian.Hobbs@fabrikam.com,546111,653 Henry Street,Highland Park,IL,60035,US,5555857620,Fabrikam
656700,Francesca,Ryan,Francesca Ryan,Francesca.Ryan@fabrikam.com,656700,501 Church Street North,Danville,VA,24540,US,5554709348,Fabrikam
112230,Kaydence,Vega,Kaydence Vega,Kaydence.Vega@fabrikam.com,112230,64 Circle Drive,New Britain,CT,6051,US,5553225145,Fabrikam
290319,Ainsley,Oconnor,Ainsley Oconnor,Ainsley.Oconnor@fabrikam.com,290319,461 Orchard Street,Windsor Mill,MD,21244,US,5557948765,Fabrikam
988494,Essence,Rojas,Essence Rojas,Essence.Rojas@fabrikam.com,988494,322 Grant Avenue,Martinsville,VA,24112,US,5553489950,Fabrikam
831605,Tristian,Cook,Tristian Cook,Tristian.Cook@fabrikam.com,831605,683 River Street,Opa Locka,FL,33054,US,5554261766,Fabrikam
583185,Hayden,Turner,Hayden Turner,Hayden.Turner@fabrikam.com,583185,112 Front Street,San Lorenzo,CA,94580,US,5557047454,Fabrikam
187365,Hezekiah,Patterson,Hezekiah Patterson,Hezekiah.Patterson@fabrikam.com,187365,112 Front Street,San Lorenzo,CA,94580,US,5555608939,Fabrikam
393510,Kaitlynn,Mckay,Kaitlynn Mckay,Kaitlynn.Mckay@fabrikam.com,393510,733 Church Street South,Revere,MA,2151,US,5552543266,Fabrikam
220173,Esmeralda,Saunders,Esmeralda Saunders,Esmeralda.Saunders@fabrikam.com,220173,683 River Street,Opa Locka,FL,33054,US,5554510028,Fabrikam
882234,Scarlett,Chase,Scarlett Chase,Scarlett.Chase@fabrikam.com,882234,222 Bay Street,Lorain,OH,44052,US,5554872887,Fabrikam
574297,Oscar,Petersen,Oscar Petersen,Oscar.Petersen@fabrikam.com,574297,64 Circle Drive,New Britain,CT,6051,US,5554635668,Fabrikam
550434,Abraham,Merritt,Abraham Merritt,Abraham.Merritt@fabrikam.com,550434,34 Woodland Avenue,Henrico,VA,23228,US,5559515062,Fabrikam
167686,Serenity,Durham,Serenity Durham,Serenity.Durham@fabrikam.com,167686,64 Circle Drive,New Britain,CT,6051,US,5556582140,Fabrikam
852382,Alissa,York,Alissa York,Alissa.York@fabrikam.com,852382,211 Sycamore Lane,Hanover Park,IL,60133,US,5553812089,Fabrikam
483965,Jeremy,Sellers,Jeremy Sellers,Jeremy.Sellers@fabrikam.com,483965,501 Church Street North,Danville,VA,24540,US,5558211853,Fabrikam
565400,Briana,Fields,Briana Fields,Briana.Fields@fabrikam.com,565400,358 5th Street North,West Chester,PA,19380,US,5553547403,Fabrikam
657258,Giovanny,Good,Giovanny Good,Giovanny.Good@fabrikam.com,657258,112 Front Street,San Lorenzo,CA,94580,US,5553663168,Fabrikam
755893,Geovanni,Simmons,Geovanni Simmons,Geovanni.Simmons@fabrikam.com,755893,104 Canterbury Court,Pickerington,OH,43147,US,5554755260,Fabrikam
501251,Octavio,Neal,Octavio Neal,Octavio.Neal@fabrikam.com,501251,316 Clinton Street,Gallatin,TN,37066,US,5555885284,Fabrikam
653183,Kadyn,Soto,Kadyn Soto,Kadyn.Soto@fabrikam.com,653183,506 College Street,Flushing,NY,11354,US,5559304921,Fabrikam
748741,Kael,Cordova,Kael Cordova,Kael.Cordova@fabrikam.com,748741,859 Riverside Drive,Deland,FL,32720,US,5551998175,Fabrikam
490238,Rayne,Shepard,Rayne Shepard,Rayne.Shepard@fabrikam.com,490238,316 Clinton Street,Gallatin,TN,37066,US,5551034377,Fabrikam
559858,Quentin,Owens,Quentin Owens,Quentin.Owens@fabrikam.com,559858,506 College Street,Flushing,NY,11354,US,5553280494,Fabrikam
208679,Adam,Carlson,Adam Carlson,Adam.Carlson@fabrikam.com,208679,501 Church Street North,Danville,VA,24540,US,5555446785,Fabrikam
490175,Davis,Stafford,Davis Stafford,Davis.Stafford@fabrikam.com,490175,358 5th Street North,West Chester,PA,19380,US,5557587015,Fabrikam
203420,Morgan,Curry,Morgan Curry,Morgan.Curry@fabrikam.com,203420,733 Church Street South,Revere,MA,2151,US,5555325576,Fabrikam
842911,Jaylene,Montoya,Jaylene Montoya,Jaylene.Montoya@fabrikam.com,842911,112 Front Street,San Lorenzo,CA,94580,US,5556852227,Fabrikam
533961,Elle,Barron,Elle Barron,Elle.Barron@fabrikam.com,533961,358 5th Street North,West Chester,PA,19380,US,5556676940,Fabrikam
580831,Chasity,Henderson,Chasity Henderson,Chasity.Henderson@fabrikam.com,580831,506 College Street,Flushing,NY,11354,US,5557677498,Fabrikam
903348,Rose,Cline,Rose Cline,Rose.Cline@fabrikam.com,903348,104 Canterbury Court,Pickerington,OH,43147,US,5552291525,Fabrikam
674026,Peyton,Watts,Peyton Watts,Peyton.Watts@fabrikam.com,674026,64 Circle Drive,New Britain,CT,6051,US,5552713154,Fabrikam
837033,Emily,Sanders,Emily Sanders,Emily.Sanders@fabrikam.com,837033,381 Lake Avenue,Ankeny,IA,50023,US,5553616056,Fabrikam
402728,Angelina,Potter,Angelina Potter,Angelina.Potter@fabrikam.com,402728,381 Lake Avenue,Ankeny,IA,50023,US,5553250973,Fabrikam
159561,Eliana,Harvey,Eliana Harvey,Eliana.Harvey@fabrikam.com,159561,553 B Street,Freehold,NJ,7728,US,5553598671,Fabrikam
170854,Jenna,Nicholson,Jenna Nicholson,Jenna.Nicholson@fabrikam.com,170854,501 Church Street North,Danville,VA,24540,US,5555950548,Fabrikam
688648,Samir,Webb,Samir Webb,Samir.Webb@fabrikam.com,688648,653 Henry Street,Highland Park,IL,60035,US,5559935940,Fabrikam
105583,Andres,Price,Andres Price,Andres.Price@fabrikam.com,105583,553 B Street,Freehold,NJ,7728,US,5555668846,Fabrikam
266373,Alexis,Chan,Alexis Chan,Alexis.Chan@fabrikam.com,266373,211 Sycamore Lane,Hanover Park,IL,60133,US,5555066387,Fabrikam
312632,June,Fisher,June Fisher,June.Fisher@fabrikam.com,312632,64 Circle Drive,New Britain,CT,6051,US,5555833411,Fabrikam
212509,Cayden,Booth,Cayden Booth,Cayden.Booth@fabrikam.com,212509,859 Riverside Drive,Deland,FL,32720,US,5555397167,Fabrikam
602317,Liana,Brock,Liana Brock,Liana.Brock@fabrikam.com,602317,994 Fairview Avenue,Lexington,NC,27292,US,5556747324,Fabrikam
318336,Addison,Wilkinson,Addison Wilkinson,Addison.Wilkinson@fabrikam.com,318336,358 5th Street North,West Chester,PA,19380,US,5558233792,Fabrikam
900607,Alvin,Washington,Alvin Washington,Alvin.Washington@fabrikam.com,900607,104 Canterbury Court,Pickerington,OH,43147,US,5551660229,Fabrikam
908743,Bethany,Prince,Bethany Prince,Bethany.Prince@fabrikam.com,908743,64 Circle Drive,New Britain,CT,6051,US,5557001515,Fabrikam
810466,Trevor,Novak,Trevor Novak,Trevor.Novak@fabrikam.com,810466,316 Clinton Street,Gallatin,TN,37066,US,5555123637,Fabrikam
371553,Cole,Hines,Cole Hines,Cole.Hines@fabrikam.com,371553,461 Orchard Street,Windsor Mill,MD,21244,US,5558161474,Fabrikam
440036,Samson,Rollins,Samson Rollins,Samson.Rollins@fabrikam.com,440036,34 Woodland Avenue,Henrico,VA,23228,US,5555193127,Fabrikam
622960,Milo,Williams,Milo Williams,Milo.Williams@fabrikam.com,622960,683 River Street,Opa Locka,FL,33054,US,5555010652,Fabrikam
134445,Zackery,Mccarty,Zackery Mccarty,Zackery.Mccarty@fabrikam.com,134445,64 Circle Drive,New Britain,CT,6051,US,5555980596,Fabrikam
800739,Edith,Wheeler,Edith Wheeler,Edith.Wheeler@fabrikam.com,800739,722 Academy Street,Wilkes Barre,PA,18702,US,5553496329,Fabrikam
222428,Emmalee,Ball,Emmalee Ball,Emmalee.Ball@fabrikam.com,222428,104 Canterbury Court,Pickerington,OH,43147,US,5551278023,Fabrikam
654574,Tyshawn,Conner,Tyshawn Conner,Tyshawn.Conner@fabrikam.com,654574,64 Circle Drive,New Britain,CT,6051,US,5552524666,Fabrikam
118770,Guadalupe,Bautista,Guadalupe Bautista,Guadalupe.Bautista@fabrikam.com,118770,64 Circle Drive,New Britain,CT,6051,US,5553944428,Fabrikam
896519,Raquel,Acosta,Raquel Acosta,Raquel.Acosta@fabrikam.com,896519,112 Front Street,San Lorenzo,CA,94580,US,5554257086,Fabrikam
383170,Ariella,Mason,Ariella Mason,Ariella.Mason@fabrikam.com,383170,64 Circle Drive,New Britain,CT,6051,US,5556132639,Fabrikam
806497,Kathy,Nash,Kathy Nash,Kathy.Nash@fabrikam.com,806497,859 Riverside Drive,Deland,FL,32720,US,5558224213,Fabrikam
838092,Azul,Whitaker,Azul Whitaker,Azul.Whitaker@fabrikam.com,838092,722 Academy Street,Wilkes Barre,PA,18702,US,5553477139,Fabrikam
671502,Aleena,English,Aleena English,Aleena.English@fabrikam.com,671502,211 Sycamore Lane,Hanover Park,IL,60133,US,5555303223,Fabrikam
943271,Katie,Fernandez,Katie Fernandez,Katie.Fernandez@fabrikam.com,943271,316 Clinton Street,Gallatin,TN,37066,US,5552042837,Fabrikam
523478,Saniyah,Carter,Saniyah Carter,Saniyah.Carter@fabrikam.com,523478,683 River Street,Opa Locka,FL,33054,US,5551029686,Fabrikam
995569,Jaxon,Lynn,Jaxon Lynn,Jaxon.Lynn@fabrikam.com,995569,222 Bay Street,Lorain,OH,44052,US,5558807772,Fabrikam
649845,Sterling,Kelley,Sterling Kelley,Sterling.Kelley@fabrikam.com,649845,506 College Street,Flushing,NY,11354,US,5557014523,Fabrikam
508024,Isabela,Barton,Isabela Barton,Isabela.Barton@fabrikam.com,508024,211 Sycamore Lane,Hanover Park,IL,60133,US,5559867746,Fabrikam
769904,Jeffery,Alexander,Jeffery Alexander,Jeffery.Alexander@fabrikam.com,769904,34 Woodland Avenue,Henrico,VA,23228,US,5555466519,Fabrikam
142909,Halle,Waller,Halle Waller,Halle.Waller@fabrikam.com,142909,506 College Street,Flushing,NY,11354,US,5558890435,Fabrikam
826991,Armani,Curtis,Armani Curtis,Armani.Curtis@fabrikam.com,826991,461 Orchard Street,Windsor Mill,MD,21244,US,5551454148,Fabrikam
808787,Ann,Swanson,Ann Swanson,Ann.Swanson@fabrikam.com,808787,112 Front Street,San Lorenzo,CA,94580,US,5555722605,Fabrikam
551043,Braelyn,Hickman,Braelyn Hickman,Braelyn.Hickman@fabrikam.com,551043,461 Orchard Street,Windsor Mill,MD,21244,US,5553760460,Fabrikam
623169,Yurem,Dorsey,Yurem Dorsey,Yurem.Dorsey@fabrikam.com,623169,34 Woodland Avenue,Henrico,VA,23228,US,5552907146,Fabrikam
929175,Emmett,Montgomery,Emmett Montgomery,Emmett.Montgomery@fabrikam.com,929175,994 Fairview Avenue,Lexington,NC,27292,US,5552710770,Fabrikam
167620,Araceli,Roth,Araceli Roth,Araceli.Roth@fabrikam.com,167620,683 River Street,Opa Locka,FL,33054,US,5553633018,Fabrikam
856827,Rory,Herrera,Rory Herrera,Rory.Herrera@fabrikam.com,856827,506 College Street,Flushing,NY,11354,US,5559168089,Fabrikam
771515,Jayce,Sharp,Jayce Sharp,Jayce.Sharp@fabrikam.com,771515,501 Church Street North,Danville,VA,24540,US,5559987973,Fabrikam
852322,Tia,Oconnell,Tia Oconnell,Tia.Oconnell@fabrikam.com,852322,381 Lake Avenue,Ankeny,IA,50023,US,5558558652,Fabrikam
676047,Jillian,Glover,Jillian Glover,Jillian.Glover@fabrikam.com,676047,994 Fairview Avenue,Lexington,NC,27292,US,5556228716,Fabrikam
657681,Faith,Mccarthy,Faith Mccarthy,Faith.Mccarthy@fabrikam.com,657681,222 Bay Street,Lorain,OH,44052,US,5551819787,Fabrikam
499968,Yadira,Juarez,Yadira Juarez,Yadira.Juarez@fabrikam.com,499968,653 Henry Street,Highland Park,IL,60035,US,5559482761,Fabrikam
898153,Zaid,Moore,Zaid Moore,Zaid.Moore@fabrikam.com,898153,112 Front Street,San Lorenzo,CA,94580,US,5551944491,Fabrikam
207466,Jan,Randall,Jan Randall,Jan.Randall@fabrikam.com,207466,34 Woodland Avenue,Henrico,VA,23228,US,5553388848,Fabrikam
581075,Mara,Ortega,Mara Ortega,Mara.Ortega@fabrikam.com,581075,553 B Street,Freehold,NJ,7728,US,5556049881,Fabrikam
465673,Zander,Phelps,Zander Phelps,Zander.Phelps@fabrikam.com,465673,506 College Street,Flushing,NY,11354,US,5559911535,Fabrikam
642069,Fabian,Wilson,Fabian Wilson,Fabian.Wilson@fabrikam.com,642069,859 Riverside Drive,Deland,FL,32720,US,5552204313,Fabrikam
670458,Roselyn,Gallagher,Roselyn Gallagher,Roselyn.Gallagher@fabrikam.com,670458,859 Riverside Drive,Deland,FL,32720,US,5556170864,Fabrikam
316364,Trenton,Dudley,Trenton Dudley,Trenton.Dudley@fabrikam.com,316364,322 Grant Avenue,Martinsville,VA,24112,US,5553716320,Fabrikam
214037,Mckinley,Mueller,Mckinley Mueller,Mckinley.Mueller@fabrikam.com,214037,322 Grant Avenue,Martinsville,VA,24112,US,5557154595,Fabrikam
543974,Abagail,Hebert,Abagail Hebert,Abagail.Hebert@fabrikam.com,543974,112 Front Street,San Lorenzo,CA,94580,US,5557701435,Fabrikam
407209,Dane,Herring,Dane Herring,Dane.Herring@fabrikam.com,407209,381 Lake Avenue,Ankeny,IA,50023,US,5558752227,Fabrikam
